<?xml version="1.0" encoding="UTF-8"?>
<ESGMain xmlns="urn:dvb:ipisdns:cs:2006" xmlns:mpeg7="urn:mpeg:mpeg7:schema:2001" xmlns:tva="urn:tva:metadata:2005" xmlns:xsi="http://www.w3.org/2001/XMLSchema-instance" xsi:schemaLocation="urn:dvb:ipisds:cs:CS-1.XSD">
	<ClassificationSchemeTable>
		<tva:ClassificationScheme uri="urn:dvb:ipdc:esg:cs:AudioCodecCS">
			<mpeg7:Import href="urn:mpeg:mpeg7:cs:AudioCodingFormatCS:2001"/>
			<mpeg7:Term termID="5.9">
				<mpeg7:Name xml:lang="en">MPEG-4 Advanced Audio Profile</mpeg7:Name>
				<mpeg7:Term termID="5.9.1">
					<mpeg7:Name>MPEG-4 Advanced Audio Profile @ Level 1</mpeg7:Name>
				</mpeg7:Term>
				<mpeg7:Term termID="5.9.2">
					<mpeg7:Name>MPEG-4 Advanced Audio Profile @ Level 2</mpeg7:Name>
				</mpeg7:Term>
				<mpeg7:Term termID="5.9.4">
					<mpeg7:Name>MPEG-4 Advanced Audio Profile @ Level 4</mpeg7:Name>
				</mpeg7:Term>
				<mpeg7:Term termID="5.9.5">
					<mpeg7:Name>MPEG-4 Advanced Audio Profile @ Level 5</mpeg7:Name>
				</mpeg7:Term>
			</mpeg7:Term>
			<mpeg7:Term termID="5.10">
				<mpeg7:Name xml:lang="en">MPEG-4 High Efficency Advanced Audio Profile</mpeg7:Name>
				<mpeg7:Term termID="5.10.2">
					<mpeg7:Name>MPEG-4 High Efficency Advanced Audio Profile @ Level 2</mpeg7:Name>
				</mpeg7:Term>
				<mpeg7:Term termID="5.10.3">
					<mpeg7:Name>MPEG-4 High Efficency Advanced Audio Profile @ Level 3</mpeg7:Name>
				</mpeg7:Term>
				<mpeg7:Term termID="5.10.4">
					<mpeg7:Name>MPEG-4 High Efficency Advanced Audio Profile @ Level 4</mpeg7:Name>
				</mpeg7:Term>
				<mpeg7:Term termID="5.10.5">
					<mpeg7:Name>MPEG-4 High Efficency Advanced Audio Profile @ Level 5</mpeg7:Name>
				</mpeg7:Term>
			</mpeg7:Term>
			<mpeg7:Term termID="5.11">
				<mpeg7:Name xml:lang="en">MPEG-4 High Efficency Advanced Audio v2 Profile</mpeg7:Name>
				<mpeg7:Term termID="5.11.2">
					<mpeg7:Name>MPEG-4 High Efficency Advanced Audio v2 Profile @ Level 2</mpeg7:Name>
				</mpeg7:Term>
				<mpeg7:Term termID="5.11.3">
					<mpeg7:Name>MPEG-4 High Efficency Advanced Audio v2 Profile @ Level 3</mpeg7:Name>
				</mpeg7:Term>
				<mpeg7:Term termID="5.11.4">
					<mpeg7:Name>MPEG-4 High Efficency Advanced Audio v2 Profile @ Level 4</mpeg7:Name>
				</mpeg7:Term>
				<mpeg7:Term termID="5.11.5">
					<mpeg7:Name>MPEG-4 High Efficency Advanced Audio v2 Profile @ Level 5</mpeg7:Name>
				</mpeg7:Term>
			</mpeg7:Term>
			<mpeg7:Term termID="6.1">
				<mpeg7:Name xml:lang="en">AMR-WB+ - Extended AMR Wideband codec</mpeg7:Name>
				<mpeg7:Definition xml:lang="en">ETSI TS 126 290 Extended AMR Wideband codec</mpeg7:Definition>
			</mpeg7:Term>
			<mpeg7:Term termID="7.1">
				<mpeg7:Name xml:lang="en">E-AC3</mpeg7:Name>
				<mpeg7:Definition xml:lang="en">Dolby Enhanced AC3</mpeg7:Definition>
			</mpeg7:Term>
		</tva:ClassificationScheme>
	</ClassificationSchemeTable>
</ESGMain>
