<?xml version="1.0" encoding="UTF-8"?>
<ESGMain xmlns="urn:dvb:ipisdns:cs:2006" xmlns:mpeg7="urn:mpeg:mpeg7:schema:2001" xmlns:tva="urn:tva:metadata:2005" xmlns:xsi="http://www.w3.org/2001/XMLSchema-instance" xsi:schemaLocation="urn:dvb:ipisdns:cs:2006 CS-1.XSD">
	<ClassificationSchemeTable>
		<tva:ClassificationScheme uri="urn:mpeg:mpeg7:cs:VisualCodingFormatCS:2001">
			<mpeg7:Term termID="1">
				<mpeg7:Name xml:lang="en">MPEG-1 Video</mpeg7:Name>
				<mpeg7:Definition xml:lang="en">MPEG-1 Video Coding Format</mpeg7:Definition>
			</mpeg7:Term>
			<mpeg7:Term termID="2">
				<mpeg7:Name xml:lang="en">MPEG-2 Video</mpeg7:Name>
				<mpeg7:Definition xml:lang="en">MPEG-2 Video Coding Format</mpeg7:Definition>
				<mpeg7:Term termID="2.1">
					<mpeg7:Name xml:lang="en">MPEG-2 Video Simple Profile</mpeg7:Name>
					<mpeg7:Term termID="2.1.1">
						<mpeg7:Name xml:lang="en">MPEG-2 Video Simple Profile @ Main Level</mpeg7:Name>
					</mpeg7:Term>
				</mpeg7:Term>
				<mpeg7:Term termID="2.2">
					<mpeg7:Name xml:lang="en">MPEG-2 Video Main Profile</mpeg7:Name>
					<mpeg7:Term termID="2.2.1">
						<mpeg7:Name xml:lang="en">MPEG-2 Video Main Profile @ Low Level</mpeg7:Name>
					</mpeg7:Term>
					<mpeg7:Term termID="2.2.2">
						<mpeg7:Name xml:lang="en">MPEG-2 Video Main Profile @ Main Level</mpeg7:Name>
					</mpeg7:Term>
					<mpeg7:Term termID="2.2.3">
						<mpeg7:Name xml:lang="en">MPEG-2 Video Main Profile @ High 1440 Level</mpeg7:Name>
					</mpeg7:Term>
					<mpeg7:Term termID="2.2.4">
						<mpeg7:Name xml:lang="en">MPEG-2 Video Main Profile @ High Level </mpeg7:Name>
					</mpeg7:Term>
				</mpeg7:Term>
				<mpeg7:Term termID="2.3">
					<mpeg7:Name xml:lang="en">MPEG-2 Video SNR Scalable Profile</mpeg7:Name>
					<mpeg7:Term termID="2.3.1">
						<mpeg7:Name xml:lang="en">MPEG-2 SNR Scalable Profile @ Low Level</mpeg7:Name>
					</mpeg7:Term>
					<mpeg7:Term termID="2.3.2">
						<mpeg7:Name xml:lang="en">MPEG-2 Video SNR Scalable Profile @ Main Level</mpeg7:Name>
					</mpeg7:Term>
				</mpeg7:Term>
				<mpeg7:Term termID="2.4">
					<mpeg7:Name xml:lang="en">MPEG-2 Video Spatial Scalable Profile</mpeg7:Name>
					<mpeg7:Term termID="2.4.1">
						<mpeg7:Name xml:lang="en">
 					MPEG-2 Video Spatial Scalable Profile @ Main Level
 				</mpeg7:Name>
					</mpeg7:Term>
					<mpeg7:Term termID="2.4.2">
						<mpeg7:Name xml:lang="en">
 					MPEG-2 Video Spatial Scalable Profile @ High 1440 Level
 				</mpeg7:Name>
					</mpeg7:Term>
					<mpeg7:Term termID="2.4.3">
						<mpeg7:Name xml:lang="en">
 					MPEG-2 Video Spatial Scalable Profile @ High Level
 				</mpeg7:Name>
					</mpeg7:Term>
				</mpeg7:Term>
				<mpeg7:Term termID="2.5">
					<mpeg7:Name xml:lang="en">MPEG-2 Video High Profile</mpeg7:Name>
					<mpeg7:Term termID="2.5.1">
						<mpeg7:Name xml:lang="en">MPEG-2 Video High Profile @ Main Level</mpeg7:Name>
					</mpeg7:Term>
					<mpeg7:Term termID="2.5.2">
						<mpeg7:Name xml:lang="en">MPEG-2 Video High Profile @ High 1440 Level</mpeg7:Name>
					</mpeg7:Term>
					<mpeg7:Term termID="2.5.3">
						<mpeg7:Name xml:lang="en">MPEG-2 Video High Profile @ High Level</mpeg7:Name>
					</mpeg7:Term>
				</mpeg7:Term>
				<mpeg7:Term termID="2.6">
					<mpeg7:Name xml:lang="en">MPEG-2 Video Multiview Profile</mpeg7:Name>
					<mpeg7:Term termID="2.6.1">
						<mpeg7:Name xml:lang="en">MPEG-2 Video Multiview Profile @ Main Level</mpeg7:Name>
					</mpeg7:Term>
				</mpeg7:Term>
				<mpeg7:Term termID="2.7">
					<mpeg7:Name xml:lang="en">MPEG-2 Video 4:2:2 Profile</mpeg7:Name>
					<mpeg7:Term termID="2.7.1">
						<mpeg7:Name xml:lang="en">MPEG-2 Video 4:2:2 Profile @ Main Level</mpeg7:Name>
					</mpeg7:Term>
				</mpeg7:Term>
			</mpeg7:Term>
			<mpeg7:Term termID="3">
				<mpeg7:Name xml:lang="en">MPEG-4 Visual</mpeg7:Name>
				<mpeg7:Definition xml:lang="en">MPEG-4 Visual Coding Format</mpeg7:Definition>
				<mpeg7:Term termID="3.1">
					<mpeg7:Name xml:lang="en">MPEG-4 Visual Simple Profile</mpeg7:Name>
					<mpeg7:Term termID="3.1.1">
						<mpeg7:Name xml:lang="en">MPEG-4 Visual Simple Profile @ Level 0</mpeg7:Name>
					</mpeg7:Term>
					<mpeg7:Term termID="3.1.2">
						<mpeg7:Name xml:lang="en">MPEG-4 Visual Simple Profile @ Level 1</mpeg7:Name>
					</mpeg7:Term>
					<mpeg7:Term termID="3.1.3">
						<mpeg7:Name xml:lang="en">MPEG-4 Visual Simple Profile @ Level 2</mpeg7:Name>
					</mpeg7:Term>
					<mpeg7:Term termID="3.1.4">
						<mpeg7:Name xml:lang="en">MPEG-4 Visual Simple Profile @ Level 3</mpeg7:Name>
					</mpeg7:Term>
				</mpeg7:Term>
				<mpeg7:Term termID="3.2">
					<mpeg7:Name xml:lang="en">MPEG-4 Visual Simple Scalable Profile</mpeg7:Name>
					<mpeg7:Term termID="3.2.1">
						<mpeg7:Name xml:lang="en">
 					MPEG-4 Visual Simple Scalable Profile @ Level 1
 				</mpeg7:Name>
					</mpeg7:Term>
					<mpeg7:Term termID="3.2.2">
						<mpeg7:Name xml:lang="en">
 					MPEG-4 Visual Simple Scalable Profile @ Level 2
 				</mpeg7:Name>
					</mpeg7:Term>
				</mpeg7:Term>
				<mpeg7:Term termID="3.3">
					<mpeg7:Name xml:lang="en">MPEG-4 Visual Advanced Simple Profile</mpeg7:Name>
					<mpeg7:Term termID="3.3.1">
						<mpeg7:Name xml:lang="en">
 					MPEG-4 Visual Advanced Simple Profile @ Level 0
 				</mpeg7:Name>
					</mpeg7:Term>
					<mpeg7:Term termID="3.3.2">
						<mpeg7:Name xml:lang="en">
 					MPEG-4 Visual Advanced Simple Profile @ Level 1
 				</mpeg7:Name>
					</mpeg7:Term>
					<mpeg7:Term termID="3.3.3">
						<mpeg7:Name xml:lang="en">
 					MPEG-4 Visual Advanced Simple Profile @ Level 2
 				</mpeg7:Name>
					</mpeg7:Term>
					<mpeg7:Term termID="3.3.4">
						<mpeg7:Name xml:lang="en">
 					MPEG-4 Visual Advanced Simple Profile @ Level 3
 				</mpeg7:Name>
					</mpeg7:Term>
					<mpeg7:Term termID="3.3.5">
						<mpeg7:Name xml:lang="en">
 					MPEG-4 Visual Advanced Simple Profile @ Level 4
 				</mpeg7:Name>
					</mpeg7:Term>
					<mpeg7:Term termID="3.3.6">
						<mpeg7:Name xml:lang="en">
 					MPEG-4 Visual Advanced Simple Profile @ Level 5
 				</mpeg7:Name>
					</mpeg7:Term>
				</mpeg7:Term>
				<mpeg7:Term termID="3.4">
					<mpeg7:Name xml:lang="en">MPEG-4 Visual Core Profile</mpeg7:Name>
					<mpeg7:Term termID="3.4.1">
						<mpeg7:Name xml:lang="en">MPEG-4 Visual Core Profile@ Level 1</mpeg7:Name>
					</mpeg7:Term>
					<mpeg7:Term termID="3.4.2">
						<mpeg7:Name xml:lang="en">MPEG-4 Visual Core Profile@ Level 2</mpeg7:Name>
					</mpeg7:Term>
				</mpeg7:Term>
				<mpeg7:Term termID="3.5">
					<mpeg7:Name xml:lang="en">MPEG-4 Visual Core-Scalable Profile</mpeg7:Name>
					<mpeg7:Term termID="3.5.1">
						<mpeg7:Name xml:lang="en">
 					MPEG-4 Visual Core-Scalable Profile @ Level 1
 				</mpeg7:Name>
					</mpeg7:Term>
					<mpeg7:Term termID="3.5.2">
						<mpeg7:Name xml:lang="en">
 					MPEG-4 Visual Core-Scalable Profile @ Level 2
 				</mpeg7:Name>
					</mpeg7:Term>
					<mpeg7:Term termID="3.5.3">
						<mpeg7:Name xml:lang="en">
 					MPEG-4 Visual Core-Scalable Profile @ Level 3
 				</mpeg7:Name>
					</mpeg7:Term>
				</mpeg7:Term>
				<mpeg7:Term termID="3.6">
					<mpeg7:Name xml:lang="en">MPEG-4 Visual Advanced Core Profile</mpeg7:Name>
					<mpeg7:Term termID="3.6.1">
						<mpeg7:Name xml:lang="en">
 					MPEG-4 Visual Advanced Core Profile @ Level 1
 				</mpeg7:Name>
					</mpeg7:Term>
					<mpeg7:Term termID="3.6.2">
						<mpeg7:Name xml:lang="en">
 					MPEG-4 Visual Advanced Core Profile @ Level 2
 				</mpeg7:Name>
					</mpeg7:Term>
				</mpeg7:Term>
				<mpeg7:Term termID="3.7">
					<mpeg7:Name xml:lang="en">MPEG-4 Visual Main Profile</mpeg7:Name>
					<mpeg7:Term termID="3.7.1">
						<mpeg7:Name xml:lang="en">MPEG-4 Visual Main Profile @ Level 2</mpeg7:Name>
					</mpeg7:Term>
					<mpeg7:Term termID="3.7.2">
						<mpeg7:Name xml:lang="en">MPEG-4 Visual Main Profile @Level 3</mpeg7:Name>
					</mpeg7:Term>
					<mpeg7:Term termID="3.7.3">
						<mpeg7:Name xml:lang="en">MPEG-4 Visual Main Profile @Level 4</mpeg7:Name>
					</mpeg7:Term>
				</mpeg7:Term>
				<mpeg7:Term termID="3.8">
					<mpeg7:Name xml:lang="en">MPEG-4 Visual N-bit Profile</mpeg7:Name>
					<mpeg7:Term termID="3.8.1">
						<mpeg7:Name xml:lang="en">MPEG-4 Visual N-bit Profile @ Level 2</mpeg7:Name>
					</mpeg7:Term>
				</mpeg7:Term>
				<mpeg7:Term termID="3.9">
					<mpeg7:Name xml:lang="en">MPEG-4 Visual Advanced Real Time Simple Profile</mpeg7:Name>
					<mpeg7:Term termID="3.9.1">
						<mpeg7:Name xml:lang="en">
 					MPEG-4 Visual Advanced Real Time Simple Profile @ Level 1
 				</mpeg7:Name>
					</mpeg7:Term>
					<mpeg7:Term termID="3.9.2">
						<mpeg7:Name xml:lang="en">
 					MPEG-4 Visual Advanced Real Time Simple Profile @ Level 2
 				</mpeg7:Name>
					</mpeg7:Term>
					<mpeg7:Term termID="3.9.3">
						<mpeg7:Name xml:lang="en">
 					MPEG-4 Visual Advanced Real Time Simple Profile @ Level 3
 				</mpeg7:Name>
					</mpeg7:Term>
					<mpeg7:Term termID="3.9.4">
						<mpeg7:Name xml:lang="en">
 					MPEG-4 Visual Advanced Real Time Simple Profile @ Level 4
 				</mpeg7:Name>
					</mpeg7:Term>
				</mpeg7:Term>
				<mpeg7:Term termID="3.10">
					<mpeg7:Name xml:lang="en">MPEG-4 Visual Advanced Coding Efficiency Profile</mpeg7:Name>
					<mpeg7:Definition xml:lang="en">MPEG-4 V2 Visual coding Format</mpeg7:Definition>
					<mpeg7:Term termID="3.10.1">
						<mpeg7:Name xml:lang="en">
 					MPEG-4 Visual Advanced Coding Efficiency Profile @ Level 1
 				</mpeg7:Name>
					</mpeg7:Term>
					<mpeg7:Term termID="3.10.2">
						<mpeg7:Name xml:lang="en">
 					MPEG-4 Visual Advanced Coding Efficiency Profile @ Level 2
 				</mpeg7:Name>
					</mpeg7:Term>
					<mpeg7:Term termID="3.10.3">
						<mpeg7:Name xml:lang="en">
 					MPEG-4 Visual Advanced Coding Efficiency Profile @ Level 3
 				</mpeg7:Name>
					</mpeg7:Term>
					<mpeg7:Term termID="3.10.4">
						<mpeg7:Name xml:lang="en">
 					MPEG-4 Visual Advanced Coding Efficiency Profile @ Level 4
 				</mpeg7:Name>
					</mpeg7:Term>
				</mpeg7:Term>
				<mpeg7:Term termID="3.11">
					<mpeg7:Name xml:lang="en">MPEG-4 Visual Simple Studio Profile</mpeg7:Name>
					<mpeg7:Term termID="3.11.1">
						<mpeg7:Name xml:lang="en">
 					MPEG-4 Visual Simple Studio Profile @ Level 1
 				</mpeg7:Name>
					</mpeg7:Term>
					<mpeg7:Term termID="3.11.2">
						<mpeg7:Name xml:lang="en">
 					MPEG-4 Visual Simple Studio Profile @ Level 2
 				</mpeg7:Name>
					</mpeg7:Term>
					<mpeg7:Term termID="3.11.3">
						<mpeg7:Name xml:lang="en">
 					MPEG-4 Visual Simple Studio Profile @ Level 3
 				</mpeg7:Name>
					</mpeg7:Term>
					<mpeg7:Term termID="3.11.4">
						<mpeg7:Name xml:lang="en">
 					MPEG-4 Visual Simple Studio Profile @ Level 4
 				</mpeg7:Name>
					</mpeg7:Term>
				</mpeg7:Term>
				<mpeg7:Term termID="3.12">
					<mpeg7:Name xml:lang="en">MPEG-4 Visual Core Studio Profile</mpeg7:Name>
					<mpeg7:Term termID="3.12.1">
						<mpeg7:Name xml:lang="en">MPEG-4 Visual Core Studio Profile @ Level 1</mpeg7:Name>
					</mpeg7:Term>
					<mpeg7:Term termID="3.12.2">
						<mpeg7:Name xml:lang="en">MPEG-4 Visual Core Studio Profile @ Level 2</mpeg7:Name>
					</mpeg7:Term>
					<mpeg7:Term termID="3.12.3">
						<mpeg7:Name xml:lang="en">MPEG-4 Visual Core Studio Profile @ Level 3</mpeg7:Name>
					</mpeg7:Term>
					<mpeg7:Term termID="3.12.4">
						<mpeg7:Name xml:lang="en">MPEG-4 Visual Core Studio Profile @ Level 4</mpeg7:Name>
					</mpeg7:Term>
				</mpeg7:Term>
				<mpeg7:Term termID="3.13">
					<mpeg7:Name xml:lang="en">MPEG-4 Visual Fine Granularity Scalable Profile</mpeg7:Name>
					<mpeg7:Term termID="3.13.1">
						<mpeg7:Name xml:lang="en">
 					MPEG-4 Visual Fine Granularity Scalable Profile @ Level 0
 				</mpeg7:Name>
					</mpeg7:Term>
					<mpeg7:Term termID="3.13.2">
						<mpeg7:Name xml:lang="en">
 					MPEG-4 Visual Fine Granularity Scalable Profile @ Level 1
 				</mpeg7:Name>
					</mpeg7:Term>
					<mpeg7:Term termID="3.13.3">
						<mpeg7:Name xml:lang="en">
 					MPEG-4 Visual Fine Granularity Scalable Profile @ Level 2
 				</mpeg7:Name>
					</mpeg7:Term>
					<mpeg7:Term termID="3.13.4">
						<mpeg7:Name xml:lang="en">
 					MPEG-4 Visual Fine Granularity Scalable Profile @ Level 3
 				</mpeg7:Name>
					</mpeg7:Term>
					<mpeg7:Term termID="3.13.5">
						<mpeg7:Name xml:lang="en">
 					MPEG-4 Visual Fine Granularity Scalable Profile @ Level 4
 				</mpeg7:Name>
					</mpeg7:Term>
					<mpeg7:Term termID="3.13.6">
						<mpeg7:Name xml:lang="en">
 					MPEG-4 Visual Fine Granularity Scalable Profile @ Level 5
 				</mpeg7:Name>
					</mpeg7:Term>
				</mpeg7:Term>
				<mpeg7:Term termID="3.14">
					<mpeg7:Name xml:lang="en">MPEG-4 Visual Simple Face Animation Profile</mpeg7:Name>
					<mpeg7:Term termID="3.14.1">
						<mpeg7:Name xml:lang="en">
 					MPEG-4 Visual Simple Face Animation Profile @ Level 1
 				</mpeg7:Name>
					</mpeg7:Term>
					<mpeg7:Term termID="3.14.2">
						<mpeg7:Name xml:lang="en">
 					MPEG-4 Visual Simple Face Animation Profile @ Level 2
 				</mpeg7:Name>
					</mpeg7:Term>
				</mpeg7:Term>
				<mpeg7:Term termID="3.15">
					<mpeg7:Name xml:lang="en">MPEG-4 Visual Simple FBA Profile</mpeg7:Name>
					<mpeg7:Term termID="3.15.1">
						<mpeg7:Name xml:lang="en">MPEG-4 Visual Simple FBA Profile @ Level 1</mpeg7:Name>
					</mpeg7:Term>
					<mpeg7:Term termID="3.15.2">
						<mpeg7:Name xml:lang="en">MPEG-4 Visual Simple FBA Profile @ Level 2</mpeg7:Name>
					</mpeg7:Term>
				</mpeg7:Term>
				<mpeg7:Term termID="3.16">
					<mpeg7:Name xml:lang="en">MPEG-4 Visual Basic Animated Texture Profile</mpeg7:Name>
					<mpeg7:Term termID="3.16.1">
						<mpeg7:Name xml:lang="en">
 					MPEG-4 Visual Basic Animated Texture Profile @ Level 1
 				</mpeg7:Name>
					</mpeg7:Term>
					<mpeg7:Term termID="3.16.2">
						<mpeg7:Name xml:lang="en">
 					MPEG-4 Visual Basic Animated Texture Profile @Level 2
 				</mpeg7:Name>
					</mpeg7:Term>
				</mpeg7:Term>
				<mpeg7:Term termID="3.17">
					<mpeg7:Name xml:lang="en">MPEG-4 Visual Scalable Texture Profile</mpeg7:Name>
					<mpeg7:Term termID="3.17.1">
						<mpeg7:Name xml:lang="en">
 					MPEG-4 Visual Scalable Texture Profile @ Level 1
 				</mpeg7:Name>
					</mpeg7:Term>
				</mpeg7:Term>
				<mpeg7:Term termID="3.18">
					<mpeg7:Name xml:lang="en">MPEG-4 Visual Advanced Scalable Texture Profile</mpeg7:Name>
					<mpeg7:Term termID="3.18.1">
						<mpeg7:Name xml:lang="en">
 					MPEG-4 Visual Advanced Scalable Texture Profile @ Level 1
 				</mpeg7:Name>
					</mpeg7:Term>
					<mpeg7:Term termID="3.18.2">
						<mpeg7:Name xml:lang="en">
 					MPEG-4 Visual Advanced Scalable Texture Profile @ Level 2
 				</mpeg7:Name>
					</mpeg7:Term>
					<mpeg7:Term termID="3.18.3">
						<mpeg7:Name xml:lang="en">
 					MPEG-4 Visual Advanced Scalable Texture Profile @ Level 3
 				</mpeg7:Name>
					</mpeg7:Term>
				</mpeg7:Term>
				<mpeg7:Term termID="3.19">
					<mpeg7:Name xml:lang="en">MPEG-4 Visual Hybrid Profile</mpeg7:Name>
					<mpeg7:Term termID="3.19.1">
						<mpeg7:Name xml:lang="en">MPEG-4 Visual Hybrid Profile @ Level 1</mpeg7:Name>
					</mpeg7:Term>
					<mpeg7:Term termID="3.19.2">
						<mpeg7:Name xml:lang="en">MPEG-4 Visual Hybrid Profile @ Level 2</mpeg7:Name>
					</mpeg7:Term>
				</mpeg7:Term>
			</mpeg7:Term>
			<mpeg7:Term termID="4">
				<mpeg7:Name xml:lang="en">JPEG</mpeg7:Name>
				<mpeg7:Definition xml:lang="en">Joint Pictures Expert Group</mpeg7:Definition>
			</mpeg7:Term>
			<mpeg7:Term termID="5">
				<mpeg7:Name xml:lang="en">MJPEG</mpeg7:Name>
				<mpeg7:Definition xml:lang="en">Motion JPEG video coding</mpeg7:Definition>
			</mpeg7:Term>
			<mpeg7:Term termID="6">
				<mpeg7:Name xml:lang="en">JPEG2000</mpeg7:Name>
				<mpeg7:Definition xml:lang="en">JPEG2000 Coding Format</mpeg7:Definition>
				<mpeg7:Term termID="6.1">
					<mpeg7:Name xml:lang="en">JPEG2000 jp2p Profile</mpeg7:Name>
					<mpeg7:Term termID="6.1.1">
						<mpeg7:Name xml:lang="en">JPEG2000 jp2p Profile – Level 0</mpeg7:Name>
					</mpeg7:Term>
					<mpeg7:Term termID="6.1.2">
						<mpeg7:Name xml:lang="en">JPEG2000 jp2p Profile – Level 1</mpeg7:Name>
					</mpeg7:Term>
					<mpeg7:Term termID="6.1.3">
						<mpeg7:Name xml:lang="en">JPEG2000 jp2p Profile – Level 2</mpeg7:Name>
					</mpeg7:Term>
				</mpeg7:Term>
				<mpeg7:Term termID="6.2">
					<mpeg7:Name xml:lang="en">MJPEG2000 mjp2 Profile</mpeg7:Name>
					<mpeg7:Definition xml:lang="en">
 				Motion JPEG 2000 Unrestricted Profile
 			</mpeg7:Definition>
				</mpeg7:Term>
				<mpeg7:Term termID="6.3">
					<mpeg7:Name xml:lang="en">MJPEG2000 mj2s Profile</mpeg7:Name>
					<mpeg7:Definition xml:lang="en">Motion JPEG 2000 Simple Profile</mpeg7:Definition>
				</mpeg7:Term>
			</mpeg7:Term>
			<mpeg7:Term termID="7">
				<mpeg7:Name xml:lang="en">H261</mpeg7:Name>
				<mpeg7:Definition xml:lang="en">H261 Video Coding Format</mpeg7:Definition>
			</mpeg7:Term>
			<mpeg7:Term termID="8">
				<mpeg7:Name xml:lang="en">H263</mpeg7:Name>
				<mpeg7:Definition xml:lang="en">H263 Video Coding Format</mpeg7:Definition>
			</mpeg7:Term>
		</tva:ClassificationScheme>
	</ClassificationSchemeTable>
</ESGMain>
