<?xml version="1.0" encoding="UTF-8"?>
<ESGMain xmlns="urn:dvb:ipisdns:cs:2006:CS-1.xsd" xmlns:mpeg7="urn:mpeg:mpeg7:schema:2001" xmlns:tva="urn:tva:metadata:2005" xmlns:xsi="http://www.w3.org/2001/XMLSchema-instance" xsi:schemaLocation="urn:dvb:ipisdns:cs:2006:CS-1.xsd">
	<ClassificationSchemeTable>
		<tva:ClassificationScheme uri="urn:mpeg:mpeg7:cs:AudioCodingFormatCS:2001">
			<mpeg7:Term termID="1">
				<mpeg7:Name xml:lang="en">AC3</mpeg7:Name>
				<mpeg7:Definition xml:lang="en">Dolby AC3</mpeg7:Definition>
			</mpeg7:Term>
			<mpeg7:Term termID="2">
				<mpeg7:Name xml:lang="en">DTS</mpeg7:Name>
				<mpeg7:Definition xml:lang="en">Digital theatrical sound</mpeg7:Definition>
			</mpeg7:Term>
			<mpeg7:Term termID="3">
				<mpeg7:Name xml:lang="en">MPEG-1 Audio</mpeg7:Name>
				<mpeg7:Definition xml:lang="en">MPEG-1 Audio Coding Format</mpeg7:Definition>
				<mpeg7:Term termID="3.1">
					<mpeg7:Name xml:lang="en">MPEG-1 Audio Layer I</mpeg7:Name>
				</mpeg7:Term>
				<mpeg7:Term termID="3.2">
					<mpeg7:Name xml:lang="en">MPEG-1 Audio Layer II</mpeg7:Name>
				</mpeg7:Term>
				<mpeg7:Term termID="3.3">
					<mpeg7:Name xml:lang="en">MPEG-1 Audio Layer III</mpeg7:Name>
				</mpeg7:Term>
			</mpeg7:Term>
			<mpeg7:Term termID="4">
				<mpeg7:Name xml:lang="en">MPEG-2 Audio</mpeg7:Name>
				<mpeg7:Definition xml:lang="en">MPEG-2 Audio Coding Format</mpeg7:Definition>
				<mpeg7:Term termID="4.1">
					<mpeg7:Name xml:lang="en">MPEG-2 Audio Low Sampling Rate</mpeg7:Name>
					<mpeg7:Term termID="4.1.1">
						<mpeg7:Name xml:lang="en">MPEG-2 Audio Low Sampling Rate Layer I</mpeg7:Name>
					</mpeg7:Term>
					<mpeg7:Term termID="4.1.2">
						<mpeg7:Name xml:lang="en">MPEG-2 Audio Low Sampling Rate Layer II</mpeg7:Name>
					</mpeg7:Term>
					<mpeg7:Term termID="4.1.3">
						<mpeg7:Name xml:lang="en">MPEG-2 Audio Low Sampling Rate Layer III</mpeg7:Name>
					</mpeg7:Term>
				</mpeg7:Term>
				<mpeg7:Term termID="4.2">
					<mpeg7:Name xml:lang="en">MPEG-2 Backward Compatible Multi-Channel</mpeg7:Name>
					<mpeg7:Definition xml:lang="en">MPEG-2 Backward Compatible</mpeg7:Definition>
					<mpeg7:Term termID="4.2.1">
						<mpeg7:Name xml:lang="en">
 					MPEG-2 Backward Compatible Multi-Channel Layer I
 				</mpeg7:Name>
					</mpeg7:Term>
					<mpeg7:Term termID="4.2.2">
						<mpeg7:Name xml:lang="en">
 					MPEG-2 Backward Compatible multi-channel Layer II
 				</mpeg7:Name>
					</mpeg7:Term>
					<mpeg7:Term termID="4.2.3">
						<mpeg7:Name xml:lang="en">
 					MPEG-2 Backward Compatible multi-channel Layer III
 				</mpeg7:Name>
					</mpeg7:Term>
				</mpeg7:Term>
				<mpeg7:Term termID="4.3">
					<mpeg7:Name xml:lang="en">MPEG-2 Audio AAC</mpeg7:Name>
					<mpeg7:Definition xml:lang="en">MPEG-2 Advanced Audio Coding</mpeg7:Definition>
					<mpeg7:Term termID="4.3.1">
						<mpeg7:Name xml:lang="en">MPEG-2 Audio AAC Low Complexity Profile</mpeg7:Name>
					</mpeg7:Term>
					<mpeg7:Term termID="4.3.2">
						<mpeg7:Name xml:lang="en">MPEG-2 Audio AAC Main Profile</mpeg7:Name>
					</mpeg7:Term>
					<mpeg7:Term termID="4.3.3">
						<mpeg7:Name xml:lang="en">
 					MPEG-2 Audio AAC Sampling Rate Scaleable Profile
 				</mpeg7:Name>
					</mpeg7:Term>
				</mpeg7:Term>
				<mpeg7:Term termID="4.4">
					<mpeg7:Name xml:lang="en">MP3</mpeg7:Name>
					<mpeg7:Name xml:lang="en">
 				MPEG-1 Layer III + MPEG-2 Low Sampling Rate Layer III III
 			</mpeg7:Name>
					<mpeg7:Definition xml:lang="en">MP3 Audio Coding</mpeg7:Definition>
				</mpeg7:Term>
			</mpeg7:Term>
			<mpeg7:Term termID="5">
				<mpeg7:Name xml:lang="en">MPEG-4 Audio</mpeg7:Name>
				<mpeg7:Definition xml:lang="en">MPEG-4 Audio Coding Format</mpeg7:Definition>
				<mpeg7:Term termID="5.1">
					<mpeg7:Name xml:lang="en">MPEG-4 Audio Synthetic Profile</mpeg7:Name>
					<mpeg7:Term termID="5.1.1">
						<mpeg7:Name xml:lang="en">MPEG-4 Audio Synthetic Profile @ Level 1</mpeg7:Name>
					</mpeg7:Term>
					<mpeg7:Term termID="5.1.2">
						<mpeg7:Name xml:lang="en">MPEG-4 Audio Synthetic Profile @ Level 2</mpeg7:Name>
					</mpeg7:Term>
					<mpeg7:Term termID="5.1.3">
						<mpeg7:Name xml:lang="en">MPEG-4 Audio Synthetic Profile @ Level 3</mpeg7:Name>
					</mpeg7:Term>
				</mpeg7:Term>
				<mpeg7:Term termID="5.2">
					<mpeg7:Name xml:lang="en">MPEG-4 Audio Speech Profile</mpeg7:Name>
					<mpeg7:Term termID="5.2.1">
						<mpeg7:Name xml:lang="en">MPEG-4 Audio Speech Profile @ Level 1</mpeg7:Name>
					</mpeg7:Term>
					<mpeg7:Term termID="5.2.2">
						<mpeg7:Name xml:lang="en">MPEG-4 Audio Speech Profile @ Level 2</mpeg7:Name>
					</mpeg7:Term>
				</mpeg7:Term>
				<mpeg7:Term termID="5.3">
					<mpeg7:Name xml:lang="en">MPEG-4 Audio Scalable Profile</mpeg7:Name>
					<mpeg7:Term termID="5.3.1">
						<mpeg7:Name xml:lang="en">MPEG-4 Audio Scalable Profile @ Level 1</mpeg7:Name>
					</mpeg7:Term>
					<mpeg7:Term termID="5.3.2">
						<mpeg7:Name xml:lang="en">MPEG-4 Audio Scalable Profile @ Level 2</mpeg7:Name>
					</mpeg7:Term>
					<mpeg7:Term termID="5.3.3">
						<mpeg7:Name xml:lang="en">MPEG-4 Audio Scalable Profile @ Level 3</mpeg7:Name>
					</mpeg7:Term>
					<mpeg7:Term termID="5.3.4">
						<mpeg7:Name xml:lang="en">MPEG-4 Audio Scalable Profile @ Level 4</mpeg7:Name>
					</mpeg7:Term>
				</mpeg7:Term>
				<mpeg7:Term termID="5.4">
					<mpeg7:Name xml:lang="en">MPEG-4 Main Audio Profile</mpeg7:Name>
					<mpeg7:Term termID="5.4.1">
						<mpeg7:Name xml:lang="en">MPEG-4 Main Audio Profile @ Level 1</mpeg7:Name>
					</mpeg7:Term>
					<mpeg7:Term termID="5.4.2">
						<mpeg7:Name xml:lang="en">MPEG-4 Main Audio Profile @ Level 2</mpeg7:Name>
					</mpeg7:Term>
					<mpeg7:Term termID="5.4.3">
						<mpeg7:Name xml:lang="en">MPEG-4 Main Audio Profile @ Level 3</mpeg7:Name>
					</mpeg7:Term>
					<mpeg7:Term termID="5.4.4">
						<mpeg7:Name xml:lang="en">MPEG-4 Main Audio Profile @ Level 4</mpeg7:Name>
					</mpeg7:Term>
				</mpeg7:Term>
				<mpeg7:Term termID="5.5">
					<mpeg7:Name xml:lang="en">MPEG-4 High Quality Audio Profile</mpeg7:Name>
					<mpeg7:Term termID="5.5.1">
						<mpeg7:Name xml:lang="en">MPEG-4 High Quality Audio Profile @ Level 1</mpeg7:Name>
					</mpeg7:Term>
					<mpeg7:Term termID="5.5.2">
						<mpeg7:Name xml:lang="en">MPEG-4 High Quality Audio Profile @ Level 2</mpeg7:Name>
					</mpeg7:Term>
					<mpeg7:Term termID="5.5.3">
						<mpeg7:Name xml:lang="en">MPEG-4 High Quality Audio Profile @ Level 3</mpeg7:Name>
					</mpeg7:Term>
					<mpeg7:Term termID="5.5.4">
						<mpeg7:Name xml:lang="en">MPEG-4 High Quality Audio Profile @ Level 4</mpeg7:Name>
					</mpeg7:Term>
					<mpeg7:Term termID="5.5.5">
						<mpeg7:Name xml:lang="en">MPEG-4 High Quality Audio Profile @ Level 5</mpeg7:Name>
					</mpeg7:Term>
					<mpeg7:Term termID="5.5.6">
						<mpeg7:Name xml:lang="en">MPEG-4 High Quality Audio Profile @ Level 6</mpeg7:Name>
					</mpeg7:Term>
					<mpeg7:Term termID="5.5.7">
						<mpeg7:Name xml:lang="en">MPEG-4 High Quality Audio Profile @ Level 7</mpeg7:Name>
					</mpeg7:Term>
					<mpeg7:Term termID="5.5.8">
						<mpeg7:Name xml:lang="en">MPEG-4 High Quality Audio Profile @ Level 8</mpeg7:Name>
					</mpeg7:Term>
				</mpeg7:Term>
				<mpeg7:Term termID="5.6">
					<mpeg7:Name xml:lang="en">MPEG-4 Low Delay Audio Profile</mpeg7:Name>
					<mpeg7:Term termID="5.6.1">
						<mpeg7:Name xml:lang="en">MPEG-4 Low Delay Audio Profile @ Level 1</mpeg7:Name>
					</mpeg7:Term>
					<mpeg7:Term termID="5.6.2">
						<mpeg7:Name xml:lang="en">MPEG-4 Low Delay Audio Profile @ Level 2</mpeg7:Name>
					</mpeg7:Term>
					<mpeg7:Term termID="5.6.3">
						<mpeg7:Name xml:lang="en">MPEG-4 Low Delay Audio Profile @ Level 3</mpeg7:Name>
					</mpeg7:Term>
					<mpeg7:Term termID="5.6.4">
						<mpeg7:Name xml:lang="en">MPEG-4 Low Delay Audio Profile @ Level 4</mpeg7:Name>
					</mpeg7:Term>
					<mpeg7:Term termID="5.6.5">
						<mpeg7:Name xml:lang="en">MPEG-4 Low Delay Audio Profile @ Level 5</mpeg7:Name>
					</mpeg7:Term>
					<mpeg7:Term termID="5.6.6">
						<mpeg7:Name xml:lang="en">MPEG-4 Low Delay Audio Profile @ Level 6</mpeg7:Name>
					</mpeg7:Term>
					<mpeg7:Term termID="5.6.7">
						<mpeg7:Name xml:lang="en">MPEG-4 Low Delay Audio Profile @ Level 7</mpeg7:Name>
					</mpeg7:Term>
					<mpeg7:Term termID="5.6.8">
						<mpeg7:Name xml:lang="en">MPEG-4 Low Delay Audio Profile @ Level 8</mpeg7:Name>
					</mpeg7:Term>
				</mpeg7:Term>
				<mpeg7:Term termID="5.7">
					<mpeg7:Name xml:lang="en">MPEG-4 Natural Audio Profile</mpeg7:Name>
					<mpeg7:Term termID="5.7.1">
						<mpeg7:Name xml:lang="en">MPEG-4 Natural Audio Profile @ Level 1</mpeg7:Name>
					</mpeg7:Term>
					<mpeg7:Term termID="5.7.2">
						<mpeg7:Name xml:lang="en">MPEG-4 Natural Audio Profile @ Level 2</mpeg7:Name>
					</mpeg7:Term>
					<mpeg7:Term termID="5.7.3">
						<mpeg7:Name xml:lang="en">MPEG-4 Natural Audio Profile @ Level 3</mpeg7:Name>
					</mpeg7:Term>
					<mpeg7:Term termID="5.7.4">
						<mpeg7:Name xml:lang="en">MPEG-4 Natural Audio Profile @ Level 4</mpeg7:Name>
					</mpeg7:Term>
				</mpeg7:Term>
				<mpeg7:Term termID="5.8">
					<mpeg7:Name xml:lang="en">MPEG-4 Mobile Audio Internetworking Profile</mpeg7:Name>
					<mpeg7:Term termID="5.8.1">
						<mpeg7:Name xml:lang="en">
 					MPEG-4 Mobile Audio Internetworking Profile @ Level 1
 				</mpeg7:Name>
					</mpeg7:Term>
					<mpeg7:Term termID="5.8.2">
						<mpeg7:Name xml:lang="en">
 					MPEG-4 Mobile Audio Internetworking Profile @ Level 2
 				</mpeg7:Name>
					</mpeg7:Term>
					<mpeg7:Term termID="5.8.3">
						<mpeg7:Name xml:lang="en">
 					MPEG-4 Mobile Audio Internetworking Profile @ Level 3
 				</mpeg7:Name>
					</mpeg7:Term>
					<mpeg7:Term termID="5.8.4">
						<mpeg7:Name xml:lang="en">
 					MPEG-4 Mobile Audio Internetworking Profile @ Level 4
 				</mpeg7:Name>
					</mpeg7:Term>
					<mpeg7:Term termID="5.8.5">
						<mpeg7:Name xml:lang="en">
 					MPEG-4 Mobile Audio Internetworking Profile @ Level 5
 				</mpeg7:Name>
					</mpeg7:Term>
					<mpeg7:Term termID="5.8.6">
						<mpeg7:Name xml:lang="en">
 					MPEG-4 Mobile Audio Internetworking Profile @ Level 6
 				</mpeg7:Name>
					</mpeg7:Term>
				</mpeg7:Term>
			</mpeg7:Term>
			<mpeg7:Term termID="6">
				<mpeg7:Name xml:lang="en">AMR</mpeg7:Name>
				<mpeg7:Definition xml:lang="en">Advanced Multi Rate</mpeg7:Definition>
			</mpeg7:Term>
			<mpeg7:Term termID="7">
				<mpeg7:Name xml:lang="en">ITU-T G.72x</mpeg7:Name>
				<mpeg7:Definition xml:lang="en">ITU-T G.72x Speech Coding</mpeg7:Definition>
				<mpeg7:Term termID="7.1">
					<mpeg7:Name xml:lang="en">ITU-T G.723</mpeg7:Name>
					<mpeg7:Name xml:lang="en">ITU-T G.723.1</mpeg7:Name>
					<mpeg7:Definition xml:lang="en">ITU-T G.723 Speech Coding</mpeg7:Definition>
				</mpeg7:Term>
				<mpeg7:Term termID="7.2">
					<mpeg7:Name xml:lang="en">ITU-T G.726</mpeg7:Name>
					<mpeg7:Definition xml:lang="en">ITU-T G.726 Speech Coding</mpeg7:Definition>
				</mpeg7:Term>
				<mpeg7:Term termID="7.3">
					<mpeg7:Name xml:lang="en">G.728</mpeg7:Name>
					<mpeg7:Definition xml:lang="en">ITU-T G.728 Speech Coding</mpeg7:Definition>
				</mpeg7:Term>
				<mpeg7:Term termID="7.4">
					<mpeg7:Name xml:lang="en">G.729</mpeg7:Name>
					<mpeg7:Definition xml:lang="en">ITU-T G.729 Speech Coding</mpeg7:Definition>
				</mpeg7:Term>
			</mpeg7:Term>
			<mpeg7:Term termID="8">
				<mpeg7:Name xml:lang="en">Linear PCM</mpeg7:Name>
				<mpeg7:Definition xml:lang="en">Linear Pulse Code Modulation</mpeg7:Definition>
			</mpeg7:Term>
			<mpeg7:Term termID="10">
				<mpeg7:Name xml:lang="en">ATRAC</mpeg7:Name>
				<mpeg7:Definition xml:lang="en">Adaptive Transform Acoustic Coding</mpeg7:Definition>
			</mpeg7:Term>
			<mpeg7:Term termID="11">
				<mpeg7:Name xml:lang="en">ATRAC2</mpeg7:Name>
				<mpeg7:Definition xml:lang="en"> 
			Adaptive Transform Acoustic Coding 2
		</mpeg7:Definition>
			</mpeg7:Term>
			<mpeg7:Term termID="12">
				<mpeg7:Name xml:lang="en">ATRAC3</mpeg7:Name>
				<mpeg7:Definition xml:lang="en">
			Adaptive Transform Acoustic Coding 3
		</mpeg7:Definition>
			</mpeg7:Term>
		</tva:ClassificationScheme>
	</ClassificationSchemeTable>
</ESGMain>
