<?xml version="1.0" encoding="UTF-8"?>
<ESGMain xmlns="urn:dvb:ipisds:cs:2006" xmlns:mpeg7="urn:mpeg:mpeg7:schema:2001" xmlns:tva="urn:tva:metadata:2005" xmlns:xsi="http://www.w3.org/2001/XMLSchema-instance" xsi:schemaLocation="urn:dvb:ipisdns:cs:2006:cs-1.xsd">
	<ClassificationSchemeTable>
		<tva:ClassificationScheme uri="urn:dvb:ipdc:esg:cs:VideoCodecCS">
			<mpeg7:Term termID="9">
				<mpeg7:Name xml:lang="en">H264</mpeg7:Name>
				<mpeg7:Definition xml:lang="en">ISO/IEC 14496-10 Video Codec. Also known as H.264</mpeg7:Definition>
				<mpeg7:Term termID="9.1">
					<mpeg7:Name xml:lang="en">H264 BaseLine Profile</mpeg7:Name>
					<mpeg7:Term termID="9.1.1">
						<mpeg7:Name xml:lang="en">H264 BaseLine Profile @ Level 1</mpeg7:Name>
					</mpeg7:Term>
					<mpeg7:Term termID="9.1.2">
						<mpeg7:Name xml:lang="en">H264 BaseLine Profile @ Level 1b</mpeg7:Name>
						<mpeg7:Definition xml:lang="en">DVB AVC Capability A - ISO/IEC 14496-10 Video Codec. BaseLine Profile Level 1b with constraint_set1_flag = 1</mpeg7:Definition>
					</mpeg7:Term>
					<mpeg7:Term termID="9.1.3">
						<mpeg7:Name xml:lang="en">H264 BaseLine Profile @ Level 1.1</mpeg7:Name>
					</mpeg7:Term>
					<mpeg7:Term termID="9.1.4">
						<mpeg7:Name xml:lang="en">H264 BaseLine Profile @ Level 1.2</mpeg7:Name>
						<mpeg7:Definition xml:lang="en">DVB AVC Capability B - ISO/IEC 14496-10 Video Codec. BaseLine Profile Level 1.2 with constraint_set1_flag = 1</mpeg7:Definition>
					</mpeg7:Term>
					<mpeg7:Term termID="9.1.5">
						<mpeg7:Name xml:lang="en">H264 BaseLine Profile @ Level 1.3</mpeg7:Name>
					</mpeg7:Term>
					<mpeg7:Term termID="9.1.6">
						<mpeg7:Name xml:lang="en">H264 BaseLine Profile @ Level 2</mpeg7:Name>
						<mpeg7:Definition xml:lang="en">DVB AVC Capability C - ISO/IEC 14496-10 Video Codec. BaseLine Profile Level 2 with constraint_set1_flag = 1</mpeg7:Definition>
					</mpeg7:Term>
					<mpeg7:Term termID="9.1.7">
						<mpeg7:Name xml:lang="en">H264 BaseLine Profile @ Level 2.1</mpeg7:Name>
					</mpeg7:Term>
					<mpeg7:Term termID="9.1.8">
						<mpeg7:Name xml:lang="en">H264 BaseLine Profile @ Level 2.2</mpeg7:Name>
					</mpeg7:Term>
					<mpeg7:Term termID="9.1.9">
						<mpeg7:Name xml:lang="en">H264 BaseLine Profile @ Level 3</mpeg7:Name>
					</mpeg7:Term>
					<mpeg7:Term termID="9.1.10">
						<mpeg7:Name xml:lang="en">H264 BaseLine Profile @ Level 3.1</mpeg7:Name>
					</mpeg7:Term>
					<mpeg7:Term termID="9.1.11">
						<mpeg7:Name xml:lang="en">H264 BaseLine Profile @ Level 3.2</mpeg7:Name>
					</mpeg7:Term>
					<mpeg7:Term termID="9.1.12">
						<mpeg7:Name xml:lang="en">H264 BaseLine Profile @ Level 4</mpeg7:Name>
					</mpeg7:Term>
					<mpeg7:Term termID="9.1.13">
						<mpeg7:Name xml:lang="en">H264 BaseLine Profile @ Level 4.1</mpeg7:Name>
					</mpeg7:Term>
					<mpeg7:Term termID="9.1.14">
						<mpeg7:Name xml:lang="en">H264 BaseLine Profile @ Level 4.2</mpeg7:Name>
					</mpeg7:Term>
					<mpeg7:Term termID="9.1.15">
						<mpeg7:Name xml:lang="en">H264 BaseLine Profile @ Level 5</mpeg7:Name>
					</mpeg7:Term>
					<mpeg7:Term termID="9.1.16">
						<mpeg7:Name xml:lang="en">H264 BaseLine Profile @ Level 5.1</mpeg7:Name>
					</mpeg7:Term>
				</mpeg7:Term>
				<mpeg7:Term termID="9.2">
					<mpeg7:Name xml:lang="en">H264 Main Profile</mpeg7:Name>
					<mpeg7:Term termID="9.2.1">
						<mpeg7:Name xml:lang="en">H264 Main Profile @ Level 1</mpeg7:Name>
					</mpeg7:Term>
					<mpeg7:Term termID="9.2.2">
						<mpeg7:Name xml:lang="en">H264 Main Profile @ Level 1b</mpeg7:Name>
					</mpeg7:Term>
					<mpeg7:Term termID="9.2.3">
						<mpeg7:Name xml:lang="en">H264 Main Profile @ Level 1.1</mpeg7:Name>
					</mpeg7:Term>
					<mpeg7:Term termID="9.2.4">
						<mpeg7:Name xml:lang="en">H264 Main Profile @ Level 1.2</mpeg7:Name>
					</mpeg7:Term>
					<mpeg7:Term termID="9.2.5">
						<mpeg7:Name xml:lang="en">H264 Main Profile @ Level 1.3</mpeg7:Name>
					</mpeg7:Term>
					<mpeg7:Term termID="9.2.6">
						<mpeg7:Name xml:lang="en">H264 Main Profile @ Level 2</mpeg7:Name>
					</mpeg7:Term>
					<mpeg7:Term termID="9.2.7">
						<mpeg7:Name xml:lang="en">H264 Main Profile @ Level 2.1</mpeg7:Name>
					</mpeg7:Term>
					<mpeg7:Term termID="9.2.8">
						<mpeg7:Name xml:lang="en">H264 Main Profile @ Level 2.2</mpeg7:Name>
					</mpeg7:Term>
					<mpeg7:Term termID="9.2.9">
						<mpeg7:Name xml:lang="en">H264 Main Profile @ Level 3</mpeg7:Name>
						<mpeg7:Definition xml:lang="en">DVB AVC Capability D - ISO/IEC 14496-10 Video Codec. Main Profile Level 3</mpeg7:Definition>
					</mpeg7:Term>
					<mpeg7:Term termID="9.2.10">
						<mpeg7:Name xml:lang="en">H264 Main Profile @ Level 3.1</mpeg7:Name>
					</mpeg7:Term>
					<mpeg7:Term termID="9.2.11">
						<mpeg7:Name xml:lang="en">H264 Main Profile @ Level 3.2</mpeg7:Name>
					</mpeg7:Term>
					<mpeg7:Term termID="9.2.12">
						<mpeg7:Name xml:lang="en">H264 Main Profile @ Level 4</mpeg7:Name>
					</mpeg7:Term>
					<mpeg7:Term termID="9.2.13">
						<mpeg7:Name xml:lang="en">H264 Main Profile @ Level 4.1</mpeg7:Name>
					</mpeg7:Term>
					<mpeg7:Term termID="9.2.14">
						<mpeg7:Name xml:lang="en">H264 Main Profile @ Level 4.2</mpeg7:Name>
					</mpeg7:Term>
					<mpeg7:Term termID="9.2.15">
						<mpeg7:Name xml:lang="en">H264 Main Profile @ Level 5</mpeg7:Name>
					</mpeg7:Term>
					<mpeg7:Term termID="9.2.16">
						<mpeg7:Name xml:lang="en">H264 Main Profile @ Level 5.1</mpeg7:Name>
					</mpeg7:Term>
				</mpeg7:Term>
				<mpeg7:Term termID="9.3">
					<mpeg7:Name xml:lang="en">H264 Extended Profile</mpeg7:Name>
					<mpeg7:Term termID="9.3.1">
						<mpeg7:Name xml:lang="en">H264 Extended Profile @ Level 1</mpeg7:Name>
					</mpeg7:Term>
					<mpeg7:Term termID="9.3.2">
						<mpeg7:Name xml:lang="en">H264 Extended Profile @ Level 1b</mpeg7:Name>
					</mpeg7:Term>
					<mpeg7:Term termID="9.3.3">
						<mpeg7:Name xml:lang="en">H264 Extended Profile @ Level 1.1</mpeg7:Name>
					</mpeg7:Term>
					<mpeg7:Term termID="9.3.4">
						<mpeg7:Name xml:lang="en">H264 Extended Profile @ Level 1.2</mpeg7:Name>
					</mpeg7:Term>
					<mpeg7:Term termID="9.3.5">
						<mpeg7:Name xml:lang="en">H264 Extended Profile @ Level 1.3</mpeg7:Name>
					</mpeg7:Term>
					<mpeg7:Term termID="9.3.6">
						<mpeg7:Name xml:lang="en">H264 Extended Profile @ Level 2</mpeg7:Name>
					</mpeg7:Term>
					<mpeg7:Term termID="9.3.7">
						<mpeg7:Name xml:lang="en">H264 Extended Profile @ Level 2.1</mpeg7:Name>
					</mpeg7:Term>
					<mpeg7:Term termID="9.3.8">
						<mpeg7:Name xml:lang="en">H264 Extended Profile @ Level 2.2</mpeg7:Name>
					</mpeg7:Term>
					<mpeg7:Term termID="9.3.9">
						<mpeg7:Name xml:lang="en">H264 Extended Profile @ Level 3</mpeg7:Name>
					</mpeg7:Term>
					<mpeg7:Term termID="9.3.10">
						<mpeg7:Name xml:lang="en">H264 Extended Profile @ Level 3.1</mpeg7:Name>
					</mpeg7:Term>
					<mpeg7:Term termID="9.3.11">
						<mpeg7:Name xml:lang="en">H264 Extended Profile @ Level 3.2</mpeg7:Name>
					</mpeg7:Term>
					<mpeg7:Term termID="9.3.12">
						<mpeg7:Name xml:lang="en">H264 Extended Profile @ Level 4</mpeg7:Name>
					</mpeg7:Term>
					<mpeg7:Term termID="9.3.13">
						<mpeg7:Name xml:lang="en">H264 Extended Profile @ Level 4.1</mpeg7:Name>
					</mpeg7:Term>
					<mpeg7:Term termID="9.3.14">
						<mpeg7:Name xml:lang="en">H264 Extended Profile @ Level 4.2</mpeg7:Name>
					</mpeg7:Term>
					<mpeg7:Term termID="9.3.15">
						<mpeg7:Name xml:lang="en">H264 Extended Profile @ Level 5</mpeg7:Name>
					</mpeg7:Term>
					<mpeg7:Term termID="9.3.16">
						<mpeg7:Name xml:lang="en">H264 Extended Profile @ Level 5.1</mpeg7:Name>
					</mpeg7:Term>
				</mpeg7:Term>
				<mpeg7:Term termID="9.4">
					<mpeg7:Name xml:lang="en">H264 High Profile</mpeg7:Name>
					<mpeg7:Term termID="9.4.1">
						<mpeg7:Name xml:lang="en">H264 High Profile @ Level 1</mpeg7:Name>
					</mpeg7:Term>
					<mpeg7:Term termID="9.4.2">
						<mpeg7:Name xml:lang="en">H264 High Profile @ Level 1b</mpeg7:Name>
					</mpeg7:Term>
					<mpeg7:Term termID="9.4.3">
						<mpeg7:Name xml:lang="en">H264 High Profile @ Level 1.1</mpeg7:Name>
					</mpeg7:Term>
					<mpeg7:Term termID="9.4.4">
						<mpeg7:Name xml:lang="en">H264 High Profile @ Level 1.2</mpeg7:Name>
					</mpeg7:Term>
					<mpeg7:Term termID="9.4.5">
						<mpeg7:Name xml:lang="en">H264 High Profile @ Level 1.3</mpeg7:Name>
					</mpeg7:Term>
					<mpeg7:Term termID="9.4.6">
						<mpeg7:Name xml:lang="en">H264 High Profile @ Level 2</mpeg7:Name>
					</mpeg7:Term>
					<mpeg7:Term termID="9.4.7">
						<mpeg7:Name xml:lang="en">H264 High Profile @ Level 2.1</mpeg7:Name>
					</mpeg7:Term>
					<mpeg7:Term termID="9.4.8">
						<mpeg7:Name xml:lang="en">H264 High Profile @ Level 2.2</mpeg7:Name>
					</mpeg7:Term>
					<mpeg7:Term termID="9.4.9">
						<mpeg7:Name xml:lang="en">H264 High Profile @ Level 3</mpeg7:Name>
					</mpeg7:Term>
					<mpeg7:Term termID="9.4.10">
						<mpeg7:Name xml:lang="en">H264 High Profile @ Level 3.1</mpeg7:Name>
					</mpeg7:Term>
					<mpeg7:Term termID="9.4.11">
						<mpeg7:Name xml:lang="en">H264 High Profile @ Level 3.2</mpeg7:Name>
					</mpeg7:Term>
					<mpeg7:Term termID="9.4.12">
						<mpeg7:Name xml:lang="en">H264 High Profile @ Level 4.0</mpeg7:Name>
						<mpeg7:Definition xml:lang="en">DVB AVC Capability E - ISO/IEC 14496-10 Video Codec. HIgh Profile Level 4</mpeg7:Definition>
					</mpeg7:Term>
					<mpeg7:Term termID="9.4.13">
						<mpeg7:Name xml:lang="en">H264 High Profile @ Level 4.1</mpeg7:Name>
					</mpeg7:Term>
					<mpeg7:Term termID="9.4.14">
						<mpeg7:Name xml:lang="en">H264 High Profile @ Level 4.2</mpeg7:Name>
					</mpeg7:Term>
					<mpeg7:Term termID="9.4.15">
						<mpeg7:Name xml:lang="en">H264 High Profile @ Level 5</mpeg7:Name>
					</mpeg7:Term>
					<mpeg7:Term termID="9.4.16">
						<mpeg7:Name xml:lang="en">H264 High Profile @ Level 5.1</mpeg7:Name>
					</mpeg7:Term>
				</mpeg7:Term>
				<mpeg7:Term termID="9.5">
					<mpeg7:Name xml:lang="en">H264 High 10 Profile</mpeg7:Name>
					<mpeg7:Term termID="9.5.1">
						<mpeg7:Name xml:lang="en">H264 High 10 Profile @ Level 1</mpeg7:Name>
					</mpeg7:Term>
					<mpeg7:Term termID="9.5.2">
						<mpeg7:Name xml:lang="en">H264 High 10 Profile @ Level 1b</mpeg7:Name>
					</mpeg7:Term>
					<mpeg7:Term termID="9.5.3">
						<mpeg7:Name xml:lang="en">H264 High 10 Profile @ Level 1.1</mpeg7:Name>
					</mpeg7:Term>
					<mpeg7:Term termID="9.5.4">
						<mpeg7:Name xml:lang="en">H264 High 10 Profile @ Level 1.2</mpeg7:Name>
					</mpeg7:Term>
					<mpeg7:Term termID="9.5.5">
						<mpeg7:Name xml:lang="en">H264 High 10 Profile @ Level 1.3</mpeg7:Name>
					</mpeg7:Term>
					<mpeg7:Term termID="9.5.6">
						<mpeg7:Name xml:lang="en">H264 High 10 Profile @ Level 2</mpeg7:Name>
					</mpeg7:Term>
					<mpeg7:Term termID="9.5.7">
						<mpeg7:Name xml:lang="en">H264 High 10 Profile @ Level 2.1</mpeg7:Name>
					</mpeg7:Term>
					<mpeg7:Term termID="9.5.8">
						<mpeg7:Name xml:lang="en">H264 High 10 Profile @ Level 2.2</mpeg7:Name>
					</mpeg7:Term>
					<mpeg7:Term termID="9.5.9">
						<mpeg7:Name xml:lang="en">H264 High 10 Profile @ Level 3</mpeg7:Name>
					</mpeg7:Term>
					<mpeg7:Term termID="9.5.10">
						<mpeg7:Name xml:lang="en">H264 High 10 Profile @ Level 3.1</mpeg7:Name>
					</mpeg7:Term>
					<mpeg7:Term termID="9.5.11">
						<mpeg7:Name xml:lang="en">H264 High 10 Profile @ Level 3.2</mpeg7:Name>
					</mpeg7:Term>
					<mpeg7:Term termID="9.5.12">
						<mpeg7:Name xml:lang="en">H264 High 10 Profile @ Level 4</mpeg7:Name>
					</mpeg7:Term>
					<mpeg7:Term termID="9.5.13">
						<mpeg7:Name xml:lang="en">H264 High 10 Profile @ Level 4.1</mpeg7:Name>
					</mpeg7:Term>
					<mpeg7:Term termID="9.5.14">
						<mpeg7:Name xml:lang="en">H264 High 10 Profile @ Level 4.2</mpeg7:Name>
					</mpeg7:Term>
					<mpeg7:Term termID="9.5.15">
						<mpeg7:Name xml:lang="en">H264 High 10 Profile @ Level 5</mpeg7:Name>
					</mpeg7:Term>
					<mpeg7:Term termID="9.5.16">
						<mpeg7:Name xml:lang="en">H264 High 10 Profile @ Level 5.1</mpeg7:Name>
					</mpeg7:Term>
				</mpeg7:Term>
				<mpeg7:Term termID="9.6">
					<mpeg7:Name xml:lang="en">H264 High 4:2:2 Profile</mpeg7:Name>
					<mpeg7:Term termID="9.6.1">
						<mpeg7:Name xml:lang="en">H264 High 4:2:2 Profile @ Level 1</mpeg7:Name>
					</mpeg7:Term>
					<mpeg7:Term termID="9.6.2">
						<mpeg7:Name xml:lang="en">H264 High 4:2:2 Profile @ Level 1b</mpeg7:Name>
					</mpeg7:Term>
					<mpeg7:Term termID="9.6.3">
						<mpeg7:Name xml:lang="en">H264 High 4:2:2 Profile @ Level 1.1</mpeg7:Name>
					</mpeg7:Term>
					<mpeg7:Term termID="9.6.4">
						<mpeg7:Name xml:lang="en">H264 High 4:2:2 Profile @ Level 1.2</mpeg7:Name>
					</mpeg7:Term>
					<mpeg7:Term termID="9.6.5">
						<mpeg7:Name xml:lang="en">H264 High 4:2:2 Profile @ Level 1.3</mpeg7:Name>
					</mpeg7:Term>
					<mpeg7:Term termID="9.6.6">
						<mpeg7:Name xml:lang="en">H264 High 4:2:2 Profile @ Level 2</mpeg7:Name>
					</mpeg7:Term>
					<mpeg7:Term termID="9.6.7">
						<mpeg7:Name xml:lang="en">H264 High 4:2:2 Profile @ Level 2.1</mpeg7:Name>
					</mpeg7:Term>
					<mpeg7:Term termID="9.6.8">
						<mpeg7:Name xml:lang="en">H264 High 4:2:2 Profile @ Level 2.2</mpeg7:Name>
					</mpeg7:Term>
					<mpeg7:Term termID="9.6.9">
						<mpeg7:Name xml:lang="en">H264 High 4:2:2 Profile @ Level 3</mpeg7:Name>
					</mpeg7:Term>
					<mpeg7:Term termID="9.6.10">
						<mpeg7:Name xml:lang="en">H264 High 4:2:2 Profile @ Level 3.1</mpeg7:Name>
					</mpeg7:Term>
					<mpeg7:Term termID="9.6.11">
						<mpeg7:Name xml:lang="en">H264 High 4:2:2 Profile @ Level 3.2</mpeg7:Name>
					</mpeg7:Term>
					<mpeg7:Term termID="9.6.12">
						<mpeg7:Name xml:lang="en">H264 High 4:2:2 Profile @ Level 4</mpeg7:Name>
					</mpeg7:Term>
					<mpeg7:Term termID="9.6.13">
						<mpeg7:Name xml:lang="en">H264 High 4:2:2 Profile @ Level 4.1</mpeg7:Name>
					</mpeg7:Term>
					<mpeg7:Term termID="9.6.14">
						<mpeg7:Name xml:lang="en">H264 High 4:2:2 Profile @ Level 4.2</mpeg7:Name>
					</mpeg7:Term>
					<mpeg7:Term termID="9.6.15">
						<mpeg7:Name xml:lang="en">H264 High 4:2:2 Profile @ Level 5</mpeg7:Name>
					</mpeg7:Term>
					<mpeg7:Term termID="9.6.16">
						<mpeg7:Name xml:lang="en">H264 High 4:2:2 Profile @ Level 5.1</mpeg7:Name>
					</mpeg7:Term>
				</mpeg7:Term>
				<mpeg7:Term termID="9.7">
					<mpeg7:Name xml:lang="en">H264 HIght 4:4:4 Profile</mpeg7:Name>
					<mpeg7:Term termID="9.7.1">
						<mpeg7:Name xml:lang="en">H264 High 4:4:4 Profile @ Level 1</mpeg7:Name>
					</mpeg7:Term>
					<mpeg7:Term termID="9.7.2">
						<mpeg7:Name xml:lang="en">H264 High 4:4:4 Profile @ Level 1b</mpeg7:Name>
					</mpeg7:Term>
					<mpeg7:Term termID="9.7.3">
						<mpeg7:Name xml:lang="en">H264 High 4:4:4 Profile @ Level 1.1</mpeg7:Name>
					</mpeg7:Term>
					<mpeg7:Term termID="9.7.4">
						<mpeg7:Name xml:lang="en">H264 High 4:4:4 Profile @ Level 1.2</mpeg7:Name>
					</mpeg7:Term>
					<mpeg7:Term termID="9.7.5">
						<mpeg7:Name xml:lang="en">H264 High 4:4:4 Profile @ Level 1.3</mpeg7:Name>
					</mpeg7:Term>
					<mpeg7:Term termID="9.7.6">
						<mpeg7:Name xml:lang="en">H264 High 4:4:4 Profile @ Level 2</mpeg7:Name>
					</mpeg7:Term>
					<mpeg7:Term termID="9.7.7">
						<mpeg7:Name xml:lang="en">H264 High 4:4:4 Profile @ Level 2.1</mpeg7:Name>
					</mpeg7:Term>
					<mpeg7:Term termID="9.7.8">
						<mpeg7:Name xml:lang="en">H264 High 4:4:4 Profile @ Level 2.2</mpeg7:Name>
					</mpeg7:Term>
					<mpeg7:Term termID="9.7.9">
						<mpeg7:Name xml:lang="en">H264 High 4:4:4 Profile @ Level 3</mpeg7:Name>
					</mpeg7:Term>
					<mpeg7:Term termID="9.7.10">
						<mpeg7:Name xml:lang="en">H264 High 4:4:4 Profile @ Level 3.1</mpeg7:Name>
					</mpeg7:Term>
					<mpeg7:Term termID="9.7.11">
						<mpeg7:Name xml:lang="en">H264 High 4:4:4 Profile @ Level 3.2</mpeg7:Name>
					</mpeg7:Term>
					<mpeg7:Term termID="9.7.12">
						<mpeg7:Name xml:lang="en">H264 High 4:4:4 Profile @ Level 4</mpeg7:Name>
					</mpeg7:Term>
					<mpeg7:Term termID="9.7.13">
						<mpeg7:Name xml:lang="en">H264 High 4:4:4 Profile @ Level 4.1</mpeg7:Name>
					</mpeg7:Term>
					<mpeg7:Term termID="9.7.14">
						<mpeg7:Name xml:lang="en">H264 High 4:4:4 Profile @ Level 4.2</mpeg7:Name>
					</mpeg7:Term>
					<mpeg7:Term termID="9.7.15">
						<mpeg7:Name xml:lang="en">H264 High 4:4:4 Profile @ Level 5</mpeg7:Name>
					</mpeg7:Term>
					<mpeg7:Term termID="9.7.16">
						<mpeg7:Name xml:lang="en">H264 High 4:4:4 Profile @ Level 5.1</mpeg7:Name>
					</mpeg7:Term>
				</mpeg7:Term>
			</mpeg7:Term>
			<mpeg7:Term termID="10">
				<mpeg7:Name xml:lang="en">VC1</mpeg7:Name>
				<mpeg7:Definition xml:lang="en">SMPTE 421M - VC1 Video Codec.</mpeg7:Definition>
				<mpeg7:Term termID="10.1">
					<mpeg7:Name xml:lang="en">VC1 Simple Profile</mpeg7:Name>
					<mpeg7:Term termID="10.1.1">
						<mpeg7:Name xml:lang="en">VC1 Simple Profile @ Level LL</mpeg7:Name>
						<mpeg7:Definition xml:lang="en">DVB AVC Capability A - SMPTE 421M - VC1 Video Codec.</mpeg7:Definition>
					</mpeg7:Term>
					<mpeg7:Term termID="10.1.2">
						<mpeg7:Name xml:lang="en">VC1 Simple Profile @ Level ML</mpeg7:Name>
						<mpeg7:Definition xml:lang="en">DVB AVC Capability B - SMPTE 421M - VC1 Video Codec.</mpeg7:Definition>
					</mpeg7:Term>
				</mpeg7:Term>
				<mpeg7:Term termID="10.2">
					<mpeg7:Name xml:lang="en">VC1 Main Profile</mpeg7:Name>
					<mpeg7:Term termID="10.2.1">
						<mpeg7:Name xml:lang="en">VC1 Main Profile @ Level LL</mpeg7:Name>
						<mpeg7:Definition xml:lang="en">DVB AVC Capability A - SMPTE 421M - VC1 Video Codec.</mpeg7:Definition>
					</mpeg7:Term>
					<mpeg7:Term termID="10.2.2">
						<mpeg7:Name xml:lang="en">VC1 Main Profile @ Level ML</mpeg7:Name>
						<mpeg7:Definition xml:lang="en">DVB AVC Capability B - SMPTE 421M - VC1 Video Codec.</mpeg7:Definition>
					</mpeg7:Term>
					<mpeg7:Term termID="10.2.3">
						<mpeg7:Name xml:lang="en">VC1 Main Profile @ Level HL</mpeg7:Name>
					</mpeg7:Term>
				</mpeg7:Term>
				<mpeg7:Term termID="10.3">
					<mpeg7:Name xml:lang="en">VC1 Advanced Profile</mpeg7:Name>
					<mpeg7:Term termID="10.3.1">
						<mpeg7:Name xml:lang="en">VC1 Advanced Profile @ Level L0</mpeg7:Name>
						<mpeg7:Definition xml:lang="en">DVB AVC Capability C - SMPTE 421M - VC1 Video Codec.</mpeg7:Definition>
					</mpeg7:Term>
					<mpeg7:Term termID="10.3.2">
						<mpeg7:Name xml:lang="en">VC1 Advanced Profile @ Level L1</mpeg7:Name>
						<mpeg7:Definition xml:lang="en">DVB AVC Capability D - SMPTE 421M - VC1 Video Codec.</mpeg7:Definition>
					</mpeg7:Term>
					<mpeg7:Term termID="10.3.3">
						<mpeg7:Name xml:lang="en">VC1 Advanced Profile @ Level L2</mpeg7:Name>
					</mpeg7:Term>
					<mpeg7:Term termID="10.3.4">
						<mpeg7:Name xml:lang="en">VC1 Advanced Profile @ Level L3</mpeg7:Name>
						<mpeg7:Definition xml:lang="en">DVB AVC Capability E - SMPTE 421M - VC1 Video Codec.</mpeg7:Definition>
					</mpeg7:Term>
					<mpeg7:Term termID="10.3.5">
						<mpeg7:Name xml:lang="en">VC1 Advanced Profile @ Level L4</mpeg7:Name>
					</mpeg7:Term>
				</mpeg7:Term>
			</mpeg7:Term>
		</tva:ClassificationScheme>
	</ClassificationSchemeTable>
</ESGMain>
